<?xml version="1.0" encoding="UTF-8"?>
<beans xmlns="http://www.springframework.org/schema/beans"
	xmlns:xsi="http://www.w3.org/2001/XMLSchema-instance" 
	xmlns:aop="http://www.springframework.org/schema/aop"	
	xmlns:context="http://www.springframework.org/schema/context"
	xmlns:util="http://www.springframework.org/schema/util"
	 xmlns:p="http://www.springframework.org/schema/p"
	 xmlns:tx="http://www.springframework.org/schema/tx"
	 xmlns:mvc="http://www.springframework.org/schema/mvc"
	xsi:schemaLocation="http://www.springframework.org/schema/beans 
	http://www.springframework.org/schema/beans/spring-beans-4.0.xsd
	 http://www.springframework.org/schema/context
     http://www.springframework.org/schema/context/spring-context-3.0.xsd
     http://www.springframework.org/schema/util 
     http://www.springframework.org/schema/util/spring-util-3.0.xsd
  http://www.springframework.org/schema/aop 
http://www.springframework.org/schema/aop/spring-aop.xsd
http://www.springframework.org/schema/mvc 
	http://www.springframework.org/schema/mvc/spring-mvc-3.2.xsd
	http://www.springframework.org/schema/tx 
		http://www.springframework.org/schema/tx/spring-tx-3.2.xsd">
		
	<bean id="AnamikaHomeAdd" class="com.cg.bean.Address">
		<property name= "state" value ="mp"/>
		<property name= "city" value ="gwalior"/>
		<property name= "zipcode" value ="123"/>
	</bean>
	
	<bean id = "AnamikaOffAdd" class = "com.cg.bean.Address">
		<property name= "state" value ="up"/>
		<property name= "city" value ="agra"/>
		<property name= "zipcode" value ="6666"/>
	</bean>
	
	
	
	<bean id = "AnamikaObj" class = "com.cg.bean.Emp">
		<property name= "empId" value ="2234"/>
		<property name= "empName" value ="anamika"/>
		<property name= "empSal" value ="20000"/>
			<property name= "add">
			<list>
			<ref bean="AnamikaHomeAdd"/>
			<ref bean="AnamikaOffAdd"/>
			
			</list>
			</property>
	</bean>
	
	
	
	
	
	
	
	
	
	
	
	
	
	
	
</beans>
